<?xml version="1.0" encoding="ascii"?>
<history><client name="pkg" version="1.122.2-56.2852"><args><arg><![CDATA[/BUILD_AREA/tools/2.3-b56-toolkit/pkg-toolkit-sunos-i386/pkg/bin/client.py]]></arg><arg><![CDATA[install]]></arg><arg><![CDATA[javadb-common]]></arg></args></client><operation end_time="20120711T193841Z" name="install" result="Succeeded" start_time="20120711T193840Z" userid="0" username="root"><start_state><![CDATA[UNEVALUATED:
+pkg:/javadb-common@10.8.1.2,5.10:20111107T225929Z
]]></start_state><end_state><![CDATA[None -> pkg:/javadb-common@10.8.1.2,5.10:20111107T225929Z
]]></end_state></operation></history>