<?xml version="1.0" encoding="ascii"?>
<history><client name="pkg" version="1.122.2-56.2852"><args><arg><![CDATA[/BUILD_AREA/tools/2.3-b56-toolkit/pkg-toolkit-sunos-i386/pkg/bin/client.py]]></arg><arg><![CDATA[install]]></arg><arg><![CDATA[glassfish-jsf]]></arg></args></client><operation end_time="20120711T193834Z" name="install" result="Succeeded" start_time="20120711T193834Z" userid="0" username="root"><start_state><![CDATA[UNEVALUATED:
+pkg:/glassfish-jsf@2.1.6,0-4:20120711T191217Z
]]></start_state><end_state><![CDATA[None -> pkg:/glassfish-jsf@2.1.6,0-4:20120711T191217Z
]]></end_state></operation></history>