<?xml version="1.0" encoding="ascii"?>
<history><client name="pkg" version="1.122.2-56.2852"><args><arg><![CDATA[/BUILD_AREA/tools/2.3-b56-toolkit/pkg-toolkit-sunos-i386/pkg/bin/client.py]]></arg><arg><![CDATA[install]]></arg><arg><![CDATA[glassfish-ejb]]></arg></args></client><operation end_time="20120711T194253Z" name="install" result="Succeeded" start_time="20120711T194252Z" userid="0" username="root"><start_state><![CDATA[UNEVALUATED:
+pkg:/glassfish-ejb@3.1.2.2,0-5:20120711T191534Z
]]></start_state><end_state><![CDATA[None -> pkg:/glassfish-ejb@3.1.2.2,0-5:20120711T191534Z
None -> pkg:/glassfish-corba@3.1.0,0-32:20120711T191150Z
]]></end_state></operation></history>