<?xml version="1.0" encoding="ascii"?>
<history><client name="pkg" version="1.122.2-56.2852"><args><arg><![CDATA[/BUILD_AREA/tools/2.3-b56-toolkit/pkg-toolkit-sunos-i386/pkg/bin/client.py]]></arg><arg><![CDATA[image-create]]></arg><arg><![CDATA[-U]]></arg><arg><![CDATA[-a]]></arg><arg><![CDATA[stable.glassfish.org=http://localhost:28000/]]></arg><arg><![CDATA[target/local_image/glassfish-l10n/glassfish3]]></arg></args></client><operation end_time="20120711T192536Z" name="image-create" result="Succeeded" start_time="20120711T192536Z" userid="0" username="root"/></history>