<?xml version="1.0" encoding="ascii"?>
<history><client name="pkg" version="1.122.2-56.2852"><args><arg><![CDATA[/BUILD_AREA/tools/2.3-b56-toolkit/pkg-toolkit-sunos-i386/pkg/bin/client.py]]></arg><arg><![CDATA[install]]></arg><arg><![CDATA[mq-server]]></arg></args></client><operation end_time="20120711T194304Z" name="install" result="Succeeded" start_time="20120711T194302Z" userid="0" username="root"><start_state><![CDATA[UNEVALUATED:
+pkg:/mq-server@4.5.2,0-3.4:20120607T184014Z
]]></start_state><end_state><![CDATA[None -> pkg:/mq-server@4.5.2,0-3.4:20120607T184014Z
None -> pkg:/mq-bin-sh@4.5.2,0-3.4:20120607T184011Z
]]></end_state></operation></history>